wkt,id,line,plan,year,url,length
"MULTILINESTRING ((-58.3808827054451 -34.6268898004373,-58.3821710097429 -34.6269087285924,-58.38435239251 -34.6269972141428,-58.3871943348475 -34.6271236219082,-58.3893910794651 -34.627250029481,-58.3901591719887 -34.6272373887324,-58.3907275604562 -34.6271489034287,-58.3909733500638 -34.6269845733388,-58.3911730541199 -34.6265800671515,-58.3912805870731 -34.6255814340151,-58.3914188437272 -34.6237737510608,-58.3915263766804 -34.6217511220539,-58.391679995185 -34.6192354084396,-58.391679995185 -34.6189446426534,-58.3916492714839 -34.6176172206891,-58.3916492714838 -34.6155817991111,-58.391726080736 -34.6138371123183,-58.3917875281378 -34.6115234493642,-58.39186433739 -34.6098545376951,-58.3919208440582 -34.6091837800655,-58.392064041446 -34.6079580064397,-58.3921562125487 -34.6063901745606,-58.3922944692029 -34.6044429873041,-58.3923559166047 -34.6035958201529,-58.3927706865673 -34.6008140164892,-58.3927706865673 -34.6008140164892,-58.392893581371 -34.5996127542834,-58.3931547328289 -34.5972101777487,-58.3932622657821 -34.5958318261559,-58.3932469039316 -34.5955536239778,-58.3930011143239 -34.593732641259,-58.3927860484172 -34.5927841969505,-58.3924788114077 -34.5921392486358,-58.3924020021553 -34.5918230956725,-58.3924020021553 -34.5918230956725,-58.3924173640058 -34.5915322338836,-58.3925709825105 -34.5912287248444,-58.3935234172397 -34.5904193619859,-58.3958891422124 -34.5885729734562,-58.3972870706053 -34.5874600619212,-58.3994530915219 -34.5854997837638,-58.400758848812 -34.5843235946726,-58.4014654939337 -34.5837924070458,-58.4018495401955 -34.5835774015649,-58.402095329803 -34.5835141645529,-58.4028634223267 -34.5834888697347,-58.4048604628881 -34.5834635749088,-58.4059357924212 -34.583476222319,-58.4064120097859 -34.5834003378103,-58.4070879312067 -34.5832106262258,-58.4088699058615 -34.58266678395,-58.4103139198059 -34.5822114714007,-58.4107901371705 -34.5820596999967,-58.4111895452828 -34.5819838141907,-58.4121419800121 -34.5819079283155,-58.4143387246297 -34.5817814517029,-58.4153372449104 -34.5817055656429,-58.4182099109488 -34.5815158501898,-58.4200672613824 -34.5814062573145,-58.4203167091275 -34.5813760540966,-58.4206005793624 -34.5813195942627,-58.4208527959984 -34.5812296283603,-58.42103294497 -34.5811356908089,-58.4213898427417 -34.5809274532431))",1,F,Ley 670,2001,http://www.cedom.gov.ar/es/legislacion/normas/leyes/ley670.html,7965.44
"MULTILINESTRING ((-58.3738868992574 -34.5920841006919,-58.3752420882985 -34.5937280603024,-58.3758803319718 -34.5944455481087,-58.3766265160452 -34.5949181098233,-58.3773864726587 -34.5950706413272,-58.3779311390102 -34.5951220926183,-58.3779311390102 -34.5951220926183,-58.3799742651231 -34.5952738401649,-58.3820634767874 -34.5954761697956,-58.3843523925079 -34.5956784989336,-58.3872250585464 -34.5957923088572,-58.3886229869394 -34.5958175999303,-58.3922176599501 -34.5958428909957,-58.3935080553898 -34.5958428909958,-58.3935080553898 -34.5958428909958,-58.3949520693342 -34.5958428909959,-58.3961349318206 -34.5957796633185,-58.3974560509613 -34.5956026255655,-58.3986542752982 -34.5954255874353,-58.400144374794 -34.5950715100427,-58.4016344742899 -34.594717431141,-58.4018226703328 -34.5947007826186,-58.4019806575506 -34.5947284132276,-58.4021529367433 -34.594774336783,-58.4023219170985 -34.5948628565881,-58.4024640142154 -34.5949640219664,-58.4025421411003 -34.5950556727166,-58.4026115288311 -34.5951392082753,-58.4026648384055 -34.5952300640273,-58.4027251656735 -34.5953497138355,-58.4031399356363 -34.5964751651245,-58.4035777483749 -34.5977839572869,-58.4036929622534 -34.5979546677774,-58.4038773044591 -34.5980558293918,-58.4040845060297 -34.5980880475643,-58.4042688012263 -34.5980978258568,-58.4048911865903 -34.5980811197732,-58.4080710896382 -34.5980937649624,-58.4094305271003 -34.598110534102,-58.4102917426336 -34.5981063705687,-58.4112202689852 -34.5980747971779,-58.4120030804137 -34.5980524625772,-58.4144155338835 -34.5979420225679,-58.4160131663327 -34.5978661512666,-58.4208214255307 -34.5977902798962,-58.4233714927092 -34.5977776346612,-58.4245543551956 -34.5978535060435,-58.4259215598877 -34.5978661512672,-58.4262441587476 -34.5978787964889,-58.4267664616637 -34.5979293773566,-58.4269968894208 -34.5979926033978,-58.4285637981691 -34.5986627964756,-58.4289632062814 -34.59885247278,-58.4293165288423 -34.5990674387347,-58.4300692595155 -34.5996617534786,-58.4302843254221 -34.5999272969896,-58.431574720862 -34.601381448781,-58.4320125336005 -34.60191884626,-58.4322886728973 -34.6023792644109,-58.4324820688382 -34.6028596973159,-58.4326158035922 -34.6034331831571,-58.432709528157 -34.6041083649292,-58.4327781990719 -34.6051179644654,-58.4327883070496 -34.6059334140492,-58.4327729451992 -34.606477101501,-58.4327729451992 -34.6068311302713,-58.4328190307507 -34.607223088935,-58.432926563704 -34.6075644707796,-58.4331569914611 -34.6079058512207,-58.4335871232744 -34.6082598738993,-58.4338866793586 -34.6084495282858,-58.4342784065457 -34.6086138950685,-58.4345845385061 -34.6086871269894,-58.4348623101958 -34.608722866816,-58.437796270304 -34.6088161922019,-58.4392710079494 -34.608816192202,-58.4402388045292 -34.6087909050874,-58.4402388045292 -34.6087909050874,-58.4408609594733 -34.6087909050749,-58.441045301679 -34.6087719397334,-58.441234178613 -34.6087044133289,-58.4413417115662 -34.6086095864604,-58.4414891718254 -34.6084873621077,-58.4417212230998 -34.608379988403,-58.4421590358383 -34.6082851611763,-58.4432190035209 -34.608120793742,-58.4440946289978 -34.6080070007122,-58.4459226892041 -34.6077035518703))",2,G,Ley 670,2001,http://www.cedom.gov.ar/es/legislacion/normas/leyes/ley670.html,7852.63
"MULTILINESTRING ((-58.4427795245779 -34.6300481978063,-58.442779651031 -34.6300477020723,-58.4428080740224 -34.6299819660893,-58.4428655442509 -34.629671138435,-58.4429001912575 -34.6293751836665,-58.4428999224686 -34.6290676178374,-58.4429001373897 -34.629063282499,-58.4428450049754 -34.6287647926695,-58.4427028442497 -34.6284737702468,-58.4425630315981 -34.6282990825348,-58.442337444128 -34.6281452093057,-58.4419882010134 -34.6280058640877,-58.4415786716155 -34.6278617147977,-58.4412051599217 -34.6276859674418,-58.4408880149614 -34.6274537182689,-58.4406617798827 -34.6272519263673,-58.4406533707729 -34.6272426434469,-58.4405143713175 -34.6269762917644,-58.4404298816113 -34.6266559612418,-58.4404286352975 -34.6264242005082,-58.4405073590325 -34.6258611601355,-58.4405702926462 -34.6254397197846,-58.4408724808623 -34.6228398714536,-58.4408724808623 -34.6228398714536,-58.4409492901146 -34.6218791180103,-58.4410272393929 -34.6209034132374,-58.4410532416963 -34.6208090378404,-58.4411006285673 -34.6206974867411,-58.4411657469454 -34.6206007836257,-58.4412402794063 -34.6205351837762,-58.4412411850938 -34.620534386634,-58.4413482027644 -34.6204585184396,-58.4414135198822 -34.6204116166187,-58.4414145791455 -34.6204108646752,-58.4414785443174 -34.6203275933409,-58.4415637641334 -34.6201851308971,-58.4420553433485 -34.6190473589476,-58.4420560369173 -34.6186336513379,-58.4418767566401 -34.6183191943115,-58.4416434519513 -34.6180327796824,-58.4412799650872 -34.6175839601996,-58.440879433991 -34.6169441840029,-58.4407022786199 -34.6165914363471,-58.4406061365343 -34.6162468052934,-58.4405747917162 -34.6158741706268,-58.4406094198602 -34.6151747832468,-58.4406787564021 -34.6147065535375,-58.4409114697512 -34.6139272156274,-58.4410131336113 -34.6137260411081,-58.4413386558876 -34.6131007816883,-58.4415094862698 -34.6128349447811,-58.4423298901116 -34.6117058101636,-58.4425627051947 -34.611421251241,-58.4430104562091 -34.6108305390465,-58.443503993905 -34.6102207430263,-58.4438093663763 -34.6098388615194,-58.4443650360423 -34.6090979565231,-58.4445906756901 -34.6087948869403,-58.4449797380664 -34.6082685238676,-58.44551552179 -34.607553322416,-58.4458065134288 -34.6071949100931,-58.44627249906 -34.6066039569157,-58.4465988885063 -34.6061816638973,-58.4467572951203 -34.6059559959381,-58.4468789643961 -34.6056710482244,-58.4468943262466 -34.6054940315549,-58.4468328788447 -34.6052664381395,-58.4466946221904 -34.6051020647294,-58.4442981735165 -34.6035088902021,-58.4442981735165 -34.6035088902021,-58.4414101456274 -34.6015110567272,-58.4379230055699 -34.599348790394,-58.4365865245787 -34.5984762810211,-58.4353726372383 -34.5977046068795,-58.435072359781 -34.5975137190257,-58.4311945245482 -34.595018577332,-58.429757740283 -34.594112728604,-58.4248466458733 -34.5908583152361,-58.4238428677372 -34.5902049937137,-58.4213617766769 -34.5885564479238,-58.418935820038 -34.5870666467095,-58.4168562462635 -34.5857690230179,-58.4166173905943 -34.5855470345237,-58.4165413692498 -34.5853312502337,-58.4164911310603 -34.585106784281,-58.4164972748618 -34.5848601405618,-58.4165723361554 -34.5845521335971,-58.4165767066885 -34.5845457316586,-58.4168778305421 -34.5842120882735,-58.4175586405949 -34.5836885288602,-58.420430166887 -34.5817441360407,-58.4215084676131 -34.5810386359109))",3,I,Ley 670,2001,http://www.cedom.gov.ar/es/legislacion/normas/leyes/ley670.html,7317.87
"MULTILINESTRING ((-58.4125578832141 -34.6416655053737,-58.4132717317058 -34.6431021089922,-58.414005387113 -34.6446465617973,-58.4147821987206 -34.6461199784642,-58.4154079636267 -34.6471495793891,-58.4161416190339 -34.6481969189355,-58.416232586193 -34.6483402586746,-58.4162679396416 -34.6484137116196,-58.4162863855406 -34.6484997520564,-58.4162949246882 -34.6485956719925,-58.4163119149115 -34.6492626212494,-58.416357348106 -34.6519998500001,-58.416404703641 -34.6539832663724,-58.4164732624347 -34.6569558699269),(-58.4060322790835 -34.6090458312294,-58.4059459666827 -34.6100758923307,-58.4059028104824 -34.6113012932027,-58.4055791389794 -34.6125977121162,-58.4048239054722 -34.6150129043185,-58.4045002339692 -34.6160428913836,-58.4040255157647 -34.617356994256,-58.4035076413598 -34.6189551994403,-58.4032055479569 -34.6198785928528,-58.4028387202535 -34.621139363422,-58.4023424239488 -34.6228973073132,-58.4019324400449 -34.6247617525649,-58.4016303466421 -34.6262532786044,-58.4013066751391 -34.6276204872545,-58.4010477379367 -34.6288101180094,-58.4008319569347 -34.6301062634443,-58.4006377540329 -34.6312248384311,-58.4003140825298 -34.632130340469,-58.3990382695311 -34.6355459999357,-58.399026521579 -34.6355921059328,-58.3990132751848 -34.635677341516,-58.3990236050065 -34.6357550801319,-58.3990472796593 -34.6358244453314,-58.3991056302232 -34.6358979859332,-58.3991650465597 -34.635948620925,-58.3992425022958 -34.6359942646668,-58.3993209165542 -34.6360274731575,-58.3993993104579 -34.6360479264191,-58.4038417909424 -34.6368223540291,-58.4056668933818 -34.6371644542962,-58.408214111159 -34.6376074093357,-58.4102281668312 -34.6379624581341,-58.4105143541804 -34.6380341806473,-58.4107604489645 -34.638132821266,-58.4109349070247 -34.6382246229422,-58.4110656596321 -34.6383524684211,-58.4111743949007 -34.6384784437613,-58.4112782456687 -34.6386201682956,-58.4115044943166 -34.6391370533452,-58.4117055482557 -34.6395917374103,-58.4122188553027 -34.6408647464999,-58.4125578832141 -34.6416655053738),(-58.4060322790835 -34.6090458312294,-58.4061185914842 -34.6077493568513,-58.4061185914842 -34.6072875939645,-58.4058380761814 -34.6060443734285,-58.4052554674756 -34.6038598122549,-58.4048239054713 -34.6018350457051,-58.4042412967656 -34.5999523237451,-58.4037450004607 -34.5985047301969,-58.4034213289575 -34.5975011689414,-58.4028279312016 -34.5957870938013,-58.4023640020471 -34.5945348196559,-58.4010153707838 -34.5915417191563,-58.4003680277775 -34.590289381015,-58.3998836317429 -34.5893276338211,-58.3997962479186 -34.5892146316768,-58.3997048584711 -34.5891208361508,-58.3987496702617 -34.5884774541217,-58.3977786557523 -34.5878201767569,-58.3971528908462 -34.5875181827109,-58.3934414576102 -34.5856529010434,-58.3923984128927 -34.5853137433236,-58.3921575606478 -34.5852354275075,-58.3912830916536 -34.5851352891781,-58.3902493509401 -34.5850907361572,-58.3892341432525 -34.5851533176184,-58.3885539283442 -34.585286934047,-58.3877271769226 -34.5855634226404,-58.3816335862226 -34.5888173956473,-58.3807696046203 -34.5893041430344,-58.3798190545886 -34.589857282596,-58.3794994491689 -34.5900330514816,-58.3792403430074 -34.5901905502255,-58.3790307419558 -34.5903371105584,-58.3787353360108 -34.5905294204181,-58.3781669049122 -34.5908872529612,-58.3755299903145 -34.5925052758988))",4,H,Ley 317,2000,http://www.buenosaires.gob.ar/sites/gcaba/files/ley-317.pdf,11241.00
"MULTILINESTRING ((-58.4165349588178 -34.6488541106068,-58.416616207904 -34.648947865523,-58.4168216882031 -34.6491317576552,-58.4169763986874 -34.6492428213388,-58.4171891552386 -34.6493523706441,-58.4173936364317 -34.6494502759198,-58.4176902545461 -34.6495711560421,-58.4181363202626 -34.6496901157228,-58.418395604527 -34.6497314717957,-58.4195751983238 -34.6498461859666,-58.424447941356 -34.6500900527972,-58.4255974291394 -34.6501397816405,-58.4310709836493 -34.6503366143313),(-58.4125578832141 -34.6416655053737,-58.4132717317058 -34.6431021089922,-58.414005387113 -34.6446465617973,-58.4147821987206 -34.6461199784642,-58.4154079636267 -34.6471495793891,-58.4160930751465 -34.6482002468555,-58.41623557705 -34.6484137116196,-58.4163430200759 -34.6485929334209,-58.4165349588178 -34.6488541106068),(-58.3988970132744 -34.6359258155077,-58.3986282531981 -34.6366566424727,-58.3985968761611 -34.6367643967646,-58.3985857411152 -34.6368525973501,-58.398602010918 -34.6369183806902,-58.3986608935902 -34.636990275466,-58.3987624849938 -34.6370469061835,-58.3989650029924 -34.6370933561374,-58.399637270172 -34.637205818295,-58.4005278664942 -34.6373616195823,-58.4013094435887 -34.6375239865676,-58.4017726077434 -34.6376177285455,-58.4022996023178 -34.6377242494154,-58.4029740563437 -34.6378610894609,-58.4032050956207 -34.6379081630643,-58.4039438134673 -34.6380582031521,-58.4049697278309 -34.6382665753769,-58.405791031508 -34.6384320420828,-58.406371980495 -34.6385396028964,-58.4071936067688 -34.6386926146929,-58.4073615028852 -34.6387266966938,-58.407449962656 -34.63873477842,-58.4075359941883 -34.6387358077153,-58.4077959055907 -34.6387174127965,-58.4081323684374 -34.6386762157258,-58.408586419162 -34.6385978873269,-58.4088474719525 -34.6385293442718,-58.4091713149227 -34.6384290093484,-58.4093944675665 -34.6383873565012,-58.4095831377985 -34.6383631748772,-58.4098130062392 -34.6383559383992,-58.4100057668061 -34.6383701959632,-58.4102518176939 -34.6384032011124,-58.4104649120448 -34.6384658851912,-58.4107498603958 -34.6385705963989,-58.4108677695479 -34.6386298507741,-58.4109952100958 -34.6387098772873,-58.4111699773631 -34.6388451260404,-58.411333381535 -34.6389896146697,-58.4114507813482 -34.6391389755021,-58.4117055482557 -34.6395917374103,-58.4122188553027 -34.6408647464999,-58.4125578832141 -34.6416655053738),(-58.4060322790835 -34.6090458312294,-58.4059459666827 -34.6100758923307,-58.4059028104824 -34.6113012932027,-58.4055791389794 -34.6125977121162,-58.4048239054722 -34.6150129043185,-58.4045002339692 -34.6160428913836,-58.4040255157647 -34.617356994256,-58.4035076413598 -34.6189551994403,-58.4032055479569 -34.6198785928528,-58.4028387202535 -34.621139363422,-58.4023424239488 -34.6228973073132,-58.4019324400449 -34.6247617525649,-58.4016303466421 -34.6262532786044,-58.4013066751391 -34.6276204872545,-58.4010477379367 -34.6288101180094,-58.4008319569347 -34.6301062634443,-58.4006377540329 -34.6312248384311,-58.4003140825298 -34.632130340469,-58.3988970132745 -34.6359258155077),(-58.4060322790835 -34.6090458312294,-58.4061185914842 -34.6077493568513,-58.4061185914842 -34.6072875939645,-58.4058380761814 -34.6060443734285,-58.4052554674756 -34.6038598122549,-58.4048239054713 -34.6018350457051,-58.4042412967656 -34.5999523237451,-58.4037450004607 -34.5985047301969,-58.4034213289575 -34.5975011689414,-58.4028279312016 -34.5957870938013,-58.4023640020471 -34.5945348196559,-58.4010153707838 -34.5915417191563,-58.4003680277775 -34.590289381015,-58.3998893725845 -34.5893390320116,-58.3997962479185 -34.5892146316768,-58.3996933540722 -34.5891130620834,-58.3987496702617 -34.5884774541217,-58.3977786557523 -34.5878201767569,-58.3971528908462 -34.5875181827109,-58.3934414576102 -34.5856529010434,-58.3929230813681 -34.5852471913943,-58.3915990772118 -34.5838689668775,-58.3912618565722 -34.58333763611,-58.3881489712847 -34.5783958317987,-58.388086685952 -34.5783180439037,-58.3879860650659 -34.5782386708667,-58.3878708027495 -34.5781825771067,-58.3877435207443 -34.5781488237365,-58.3875598483671 -34.578129936369,-58.3873170489944 -34.5781151833326,-58.3870985972166 -34.5781093887316,-58.3866952160178 -34.5780971145511,-58.3842351070376 -34.5781233226801,-58.3838997344479 -34.5781451143682,-58.3835606551053 -34.5781908030492,-58.3833884667238 -34.5782200737659,-58.3833884667238 -34.5782200737659,-58.3831738154598 -34.5782812058638,-58.3829438499145 -34.5783883931824,-58.3824784058041 -34.578647239816,-58.3803593605328 -34.5798552270737,-58.3802567155882 -34.5799348250045,-58.3801471617981 -34.5800360167773,-58.3800577540397 -34.5801429806756,-58.3799366817119 -34.5803500641774,-58.3798898677079 -34.5804510470537,-58.3791505765931 -34.5820134164603,-58.3790928199699 -34.5821427816412,-58.3789941050556 -34.5822808224114,-58.3789486154088 -34.5823389037651,-58.3788567006678 -34.5824146128637,-58.3785834504665 -34.5825684246238,-58.3773804579529 -34.5832107926646,-58.3755227643978 -34.5842197845435,-58.372820152625 -34.5857800102022,-58.3725486965429 -34.5859478070766,-58.3724252791302 -34.5860550870541,-58.3723219531352 -34.5861792527378,-58.3722400486432 -34.5863174464528,-58.3722387162997 -34.5863204263388,-58.3721760595939 -34.5864605627557,-58.3717491538314 -34.5876822086581,-58.3717233896959 -34.587895782962,-58.3717233896959 -34.587895782962,-58.371736378394 -34.5881270381272,-58.3717960521471 -34.5883558571807,-58.3718879432933 -34.5885642201827,-58.3720328752976 -34.588781325061,-58.3720361915439 -34.5887857700442,-58.3723565589267 -34.5892261237675,-58.3727221568586 -34.5896664169929,-58.374057285649 -34.5912499733495))",5,H,Ley 5233,2014,http://www.cedom.gov.ar/es/legislacion/normas/leyes/ley5233.html,13370.00
"MULTILINESTRING ((-58.4580570776245 -34.6399421022173,-58.4607759182506 -34.6419304367493,-58.4619087685116 -34.6430133472611),(-58.4266339691983 -34.6270079103375,-58.4338896053926 -34.6280288706814,-58.4387509480564 -34.6287704089614,-58.4391719006711 -34.6288282719546,-58.4393422859789 -34.6288788371686,-58.4394746821454 -34.6289605165361,-58.4395883292615 -34.6290929994866,-58.4397229479695 -34.6292193071808,-58.4418473168884 -34.6308346233405,-58.4421478236564 -34.6311055762113,-58.442310674286 -34.6314040307167,-58.4428380309842 -34.6330652427248,-58.4430096261475 -34.6333430218012,-58.4431658707086 -34.6334926997142,-58.443764743881 -34.6339078277653,-58.4448919666483 -34.6347027618115,-58.4465955772034 -34.6358151718108,-58.447272849341 -34.6360811328386,-58.448166215798 -34.6363309410465,-58.4487618717182 -34.6363945684107,-58.4493861555856 -34.6364171013128,-58.4501059644246 -34.6363906314993,-58.4521794684656 -34.6364187183002,-58.4531458050801 -34.6366147795022,-58.4539539229038 -34.6370203806843,-58.4551293379706 -34.6376388346175,-58.4580570776245 -34.6399421022173),(-58.4158855915818 -34.6254453727506,-58.4208510383431 -34.626173376899,-58.4266339691983 -34.6270079103375),(-58.4125578832141 -34.6416655053737,-58.4132717317058 -34.6431021089922,-58.414005387113 -34.6446465617973,-58.4147821987206 -34.6461199784642,-58.4154079636267 -34.6471495793891,-58.4161416190339 -34.6481969189355,-58.416232586193 -34.6483402586746,-58.4162679396416 -34.6484137116196,-58.4162863855406 -34.6484997520564,-58.4162949246882 -34.6485956719925,-58.4163119149115 -34.6492626212494),(-58.4146615764547 -34.6253152659449,-58.4158855915818 -34.6254453727506),(-58.4146615764547 -34.6253152659449,-58.4087244864563 -34.6246258910621,-58.402293872166 -34.6238117793455,-58.4021457362083 -34.6237917656574),(-58.4021457362083 -34.6237917656574,-58.4019324400449 -34.6247617525649,-58.4016303466421 -34.6262532786044,-58.4013066751391 -34.6276204872545,-58.4010477379367 -34.6288101180094,-58.4008319569347 -34.6301062634443,-58.4006377540329 -34.6312248384311,-58.4003140825298 -34.632130340469,-58.3990382695311 -34.6355459999357,-58.3988970122183 -34.6359258162998,-58.3986282531981 -34.6366566424727,-58.3985968761611 -34.6367643967646,-58.3985857411151 -34.6368525973502,-58.398602010918 -34.6369183806902,-58.3986608935902 -34.6369902754659,-58.3987624849939 -34.6370469061835,-58.3989650029924 -34.6370933561374,-58.3996504591839 -34.6372078791582,-58.4005211711771 -34.6373603336482,-58.4013248186166 -34.637527178571,-58.4017578201329 -34.6376148311707,-58.4023119046336 -34.6377267481239,-58.4029820234991 -34.6378628551556,-58.4032208701723 -34.6379113670144,-58.4039516709955 -34.6380597990851,-58.4049650365174 -34.6382656225299,-58.4057910315079 -34.6384320420828,-58.406371980495 -34.6385396028964,-58.4071936067688 -34.6386926146929,-58.4073615028852 -34.6387266966938,-58.407449962656 -34.63873477842,-58.4075359941883 -34.6387358077153,-58.4077959055907 -34.6387174127965,-58.4081323684374 -34.6386762157258,-58.408586419162 -34.6385978873269,-58.4088474719525 -34.6385293442718,-58.4091713149227 -34.6384290093484,-58.4093918232857 -34.6383877148672,-58.4095831377985 -34.6383631748772,-58.4098151801471 -34.6383559383992,-58.4100021827511 -34.638369930868,-58.4100349614872 -34.6383723553521,-58.4102518176939 -34.6384032011124,-58.4104649120448 -34.6384658851912,-58.4107498603958 -34.6385705963989,-58.4108677695479 -34.6386298507741,-58.4109952100958 -34.6387098772873,-58.4111699773631 -34.6388451260404,-58.411333381535 -34.6389896146697,-58.4114507813482 -34.6391389755021,-58.4117055482557 -34.6395917374103,-58.4122188553027 -34.6408647464999,-58.4125578832141 -34.6416655053738),(-58.4060322790835 -34.6090458312294,-58.4059459666827 -34.6100758923307,-58.4059028104824 -34.6113012932027,-58.4055791389794 -34.6125977121162,-58.4048239054722 -34.6150129043185,-58.4045002339692 -34.6160428913836,-58.4040255157647 -34.617356994256,-58.4035076413598 -34.6189551994403,-58.4032055479569 -34.6198785928528,-58.4028387202535 -34.621139363422,-58.4023424239488 -34.6228973073132,-58.4021457362083 -34.6237917656574),(-58.4060322790835 -34.6090458312294,-58.4061185914842 -34.6077493568513,-58.4061185914842 -34.6072875939645,-58.4058380761814 -34.6060443734285,-58.4052554674756 -34.6038598122549,-58.4048239054713 -34.6018350457051,-58.4042412967656 -34.5999523237451,-58.4037450004607 -34.5985047301969,-58.4034213289575 -34.5975011689414,-58.4028279312016 -34.5957870938013,-58.4023640020471 -34.5945348196559,-58.4010153707838 -34.5915417191563,-58.4003680277775 -34.590289381015,-58.3998836317429 -34.5893276338211,-58.3997962479186 -34.5892146316768,-58.3997048584711 -34.5891208361508,-58.3987496702617 -34.5884774541217,-58.3977786557523 -34.5878201767569,-58.3971528908462 -34.5875181827109,-58.3934414576102 -34.5856529010434,-58.3923984128927 -34.5853137433236,-58.3921575606478 -34.5852354275075,-58.3912830916536 -34.5851352891781,-58.3902493509401 -34.5850907361572,-58.3892341432525 -34.5851533176184,-58.3885539283442 -34.585286934047,-58.3877271769226 -34.5855634226404,-58.3816335862226 -34.5888173956473,-58.3807696046203 -34.5893041430344,-58.3798190545886 -34.589857282596,-58.3794994491689 -34.5900330514816,-58.3792403430074 -34.5901905502255,-58.3790307419558 -34.5903371105584,-58.3787353360108 -34.5905294204181,-58.3773267149705 -34.5914821361079,-58.3769264502564 -34.5917823346434,-58.3762652887887 -34.5922122904142,-58.3762652887887 -34.5922122904142,-58.3762652887887 -34.5922122904142,-58.3762652887887 -34.5922122904142,-58.3762652887887 -34.5922122904142,-58.3762652887887 -34.5922122904142,-58.3762652887887 -34.5922122904142,-58.3762652887887 -34.5922122904142,-58.3762652887887 -34.5922122904142,-58.3762652887887 -34.5922122904142,-58.3762652887887 -34.5922122904142,-58.3762652887887 -34.5922122904142,-58.3762652887887 -34.5922122904142,-58.3762652887887 -34.5922122904142,-58.3762652887887 -34.5922122904142,-58.3762652887887 -34.5922122904142),(-58.4021457362083 -34.6237917656574,-58.3979566740246 -34.6232258086431,-58.3972230186176 -34.6231547816101,-58.3910516819588 -34.6226931044135,-58.3852255949032 -34.6222669385676,-58.3845135175964 -34.622213667683,-58.3832835658847 -34.6219650697697,-58.3822370280246 -34.6216543213307,-58.3819457236718 -34.621547778741,-58.3817623098201 -34.6214146003114,-58.3816220521687 -34.6212636644995,-58.3815788959683 -34.6210505781802,-58.3815788959682 -34.6207398263171,-58.3816004740681 -34.6182626484303,-58.381589685018 -34.6179341282473,-58.381575787843 -34.6178518876548,-58.3815387177862 -34.6177702263846,-58.3814819216341 -34.6177038475542,-58.3813523259157 -34.6175612118692,-58.3783098137861 -34.6136277299403,-58.377816325334 -34.612979462538,-58.3776668020028 -34.6128181400254,-58.3760441132642 -34.6113812108138,-58.3741634094974 -34.609692412924,-58.3736762092379 -34.609278702798),(-58.3736762092378 -34.609278702798,-58.3735114957473 -34.6091822676359,-58.3733792178886 -34.6091213110696,-58.3719334851747 -34.6083753974551,-58.371345481944 -34.6080601581393,-58.3706927444127 -34.6076383571827,-58.3701371083324 -34.6071721536324,-58.369991456156 -34.6068258293006,-58.3700238233062 -34.6062441787753,-58.3700777685567 -34.6058845302287,-58.3701371083321 -34.6051741087691,-58.3702180262078 -34.6043482361828,-58.3703582838589 -34.6026121009001,-58.3704230181594 -34.6019904579589,-58.3705039360351 -34.6011823151789,-58.3705632758106 -34.6007649196744,-58.3708491856382 -34.5996326127952,-58.3709732597142 -34.5988155660665,-58.3711297009406 -34.598358194086,-58.3717662548965 -34.5971858891329,-58.3724189924276 -34.5958981108943,-58.372899105157 -34.5949300437355,-58.3730231792332 -34.5944815317693,-58.3731040971089 -34.5943616321129,-58.3732659328604 -34.5941395952567,-58.3736327605639 -34.5938198611414,-58.3741506349688 -34.5934779219063,-58.3744850955219 -34.5932736458475,-58.3762652887887 -34.5922122904142))",6,E-H,PETERS 1,2010,http://www.buenosaires.gob.ar/subte/plan-estrategico-y-tecnico-para-la-expansion-de-la-red-de-subtes-de-buenos-aires,22256.00
"MULTILINESTRING ((-58.3711297009406 -34.5983581940859,-58.3727390999452 -34.5985817706362,-58.3770215682646 -34.598905918566,-58.3807133512985 -34.5990679920567,-58.3868663230217 -34.5994123971741,-58.3911734032279 -34.5995744696765,-58.392893581371 -34.5996127542834,-58.3967849134394 -34.5997568008637,-58.3979908958972 -34.5997568008638,-58.3990245951467 -34.5997162828569,-58.4001075181699 -34.5996352467838,-58.4011412174194 -34.5995136925259,-58.4017811264786 -34.5994123971751,-58.4022451871325 -34.5992619210849,-58.4026179306329 -34.5990679920828,-58.4033808991266 -34.598723585513,-58.4037450004607 -34.5985047301969,-58.4041684795071 -34.5983386588608,-58.4045376578105 -34.5981968433288,-58.4052267906435 -34.5980752869657,-58.4056451927207 -34.598095546372,-58.4080710896382 -34.5980937649624,-58.4094305271003 -34.598110534102,-58.4102917426336 -34.5981063705688,-58.4112202689852 -34.5980747971779,-58.4120030804137 -34.5980524625772,-58.4144155338835 -34.5979420225679,-58.4160131663327 -34.5978661512666,-58.4208214255307 -34.5977902798962,-58.4233714927092 -34.5977776346612,-58.4245543551956 -34.5978535060435,-58.4259215598877 -34.5978661512672,-58.4262441587477 -34.5978787964889,-58.4267664616637 -34.5979293773566,-58.4269968894208 -34.5979926033978,-58.4285637981691 -34.5986627964756,-58.4289632062814 -34.59885247278,-58.4293165288423 -34.5990674387347,-58.4300692595155 -34.5996617534786,-58.4302843254221 -34.5999272969896,-58.431574720862 -34.601381448781,-58.4320125336005 -34.60191884626,-58.4322886728973 -34.602379264411,-58.4322886728973 -34.602379264411,-58.4324820688383 -34.6028596973159,-58.4326158035922 -34.6034331831571,-58.432709528157 -34.6041083649292,-58.4327781990719 -34.6051179644654,-58.4327883070497 -34.6059334140492,-58.4327729451992 -34.606477101501,-58.4327729451992 -34.6068311302713,-58.4328190307507 -34.607223088935,-58.432926563704 -34.6075644707796,-58.4331569914611 -34.6079058512207,-58.4335871232744 -34.6082598738993,-58.4338866793586 -34.6084495282858,-58.4342784065457 -34.6086138950685,-58.4345845385061 -34.6086871269894,-58.4348623101958 -34.608722866816,-58.437796270304 -34.6088161922019,-58.4392710079494 -34.608816192202,-58.4402388045292 -34.6087909050874,-58.4408609594733 -34.6087909050749,-58.441045301679 -34.6087719397334,-58.441234178613 -34.608704413329,-58.4413417115662 -34.6086095864604,-58.4414891718254 -34.6084873621077,-58.4417212230998 -34.608379988403,-58.4421590358383 -34.6082851611763,-58.4432190035209 -34.608120793742,-58.4440946289978 -34.6080070007122,-58.4459226892041 -34.6077035518703))",7,G,PETERS 1,2010,http://www.buenosaires.gob.ar/subte/plan-estrategico-y-tecnico-para-la-expansion-de-la-red-de-subtes-de-buenos-aires,7724.00
"MULTILINESTRING ((-58.4256792686499 -34.5784213360424,-58.4231196324132 -34.5799614010719,-58.4213898427417 -34.5809274532431,-58.42103294497 -34.5811356908089,-58.4208527959983 -34.5812296283603,-58.4206005793624 -34.5813195942627,-58.4203167091275 -34.5813760540966,-58.4200672613824 -34.5814062573145,-58.4182099109488 -34.5815158501898,-58.4153372449104 -34.5817055656429,-58.4143387246297 -34.5817814517029,-58.4121419800121 -34.5819079283155,-58.4111895452828 -34.5819838141907,-58.4107901371705 -34.5820596999967,-58.4103139198059 -34.5822114714007,-58.4088699058615 -34.58266678395,-58.4070879312067 -34.5832106262258,-58.4064120097859 -34.5834003378103,-58.4059357924212 -34.583476222319,-58.4048604628881 -34.5834635749088,-58.4028634223267 -34.5834888697347,-58.402095329803 -34.5835141645529,-58.4018495401955 -34.5835774015649,-58.4014654939337 -34.5837924070458,-58.4007588488119 -34.5843235946726,-58.3994530915219 -34.5854997837638,-58.3972870706054 -34.5874600619212,-58.3958891422124 -34.5885729734562,-58.3935234172397 -34.5904193619859,-58.3925709825105 -34.5912287248444,-58.3924173640058 -34.5915322338836,-58.3924020021553 -34.5918230956725,-58.3924788114077 -34.5921392486358,-58.3927860484172 -34.5927841969505,-58.3930011143239 -34.593732641259,-58.3931423541789 -34.5948134581262,-58.3929946828576 -34.5950971005011,-58.3925516688936 -34.5955023022139,-58.3919363717213 -34.5958062022013,-58.3910011200194 -34.5958264621609,-58.3886229869394 -34.5958175999303,-58.3872250585464 -34.5957923088572,-58.3843523925079 -34.5956784989336,-58.3820634767874 -34.5954761697956,-58.3799742651231 -34.5952738401649,-58.3779311390102 -34.5951220926183,-58.377406179525 -34.5951648365827,-58.3769723444905 -34.5952085312422,-58.3763077127459 -34.5953017657527,-58.3763077127459 -34.5953017657527),(-58.3763077127459 -34.5953017657527,-58.3763077127459 -34.5953017657527),(-58.3763077127459 -34.5953017657527,-58.3760261150352 -34.5954576182508,-58.3758340447218 -34.5956339923439,-58.3755879258529 -34.5959378918496,-58.3754738241214 -34.5961205840267,-58.3754156426447 -34.5963633492897,-58.3753418069842 -34.5989970849432,-58.3753171950975 -34.6009824612291,-58.3751695237763 -34.6043655951444,-58.3751203000026 -34.6057431191695,-58.3747880395299 -34.6105642732924,-58.3747265098128 -34.6122657902686,-58.3744311671704 -34.6172486036404,-58.3742096601887 -34.621177928434,-58.3742488370239 -34.6213898185109,-58.3743450255666 -34.6215728760468,-58.3745665325487 -34.6217855393713,-58.3748741811348 -34.6219273146165,-58.3752679713251 -34.6220083289337),(-58.3763077127459 -34.5953017657527,-58.3755202431639 -34.595512432297,-58.3749910875957 -34.5957150322478,-58.374666773829 -34.5959227336731,-58.3744741852214 -34.5961140716593,-58.37436348448 -34.5963430893795,-58.3739696942901 -34.6020257777027,-58.3736497397608 -34.6069686911876,-58.3733790090053 -34.6114656765127,-58.3732436436276 -34.6139267612941,-58.3731821139104 -34.6149699151311,-58.373083666363 -34.6172384762742,-58.3729852188155 -34.6186765498901,-58.3729606069287 -34.6196690086988,-58.3728621593813 -34.6214716076091,-58.3728732497524 -34.6216298857117,-58.3729606069288 -34.6217754125587,-58.3731205010869 -34.6218715830055,-58.3733051733453 -34.6219171878213,-58.37453576769 -34.6219982021483,-58.3787197884618 -34.6221197234908,-58.3791997202561 -34.6221501038109,-58.3794715815657 -34.6222577187601,-58.3796550401637 -34.622413399322,-58.3797790324086 -34.6225827289982,-58.379827323372 -34.6228184677588,-58.3798519352589 -34.6232134075627,-58.3797780995983 -34.6245298600132,-58.3797042639378 -34.6273044683169,-58.3796878437401 -34.6275762636089,-58.3796058163903 -34.6279322865205,-58.3792612499739 -34.6288031232604,-58.3790643548787 -34.6292486641044,-58.3787444003491 -34.6295321888502,-58.3780552675162 -34.6297144542465,-58.3775138060045 -34.629815712627,-58.3772540386448 -34.6299478289719,-58.3770707920405 -34.6301599902409,-58.3764308829814 -34.6316180911214,-58.3757909739223 -34.6331774206956,-58.3754710193927 -34.6341899566708,-58.3752741242977 -34.6350809781051,-58.3743880963698 -34.6394346951884,-58.373723575424 -34.6437071906333))",8,J,PETERS 1,2010,http://www.buenosaires.gob.ar/subte/plan-estrategico-y-tecnico-para-la-expansion-de-la-red-de-subtes-de-buenos-aires,11117.12
"MULTILINESTRING ((-58.3808827054451 -34.6268898004373,-58.3821710097429 -34.6269087285924,-58.38435239251 -34.6269972141428,-58.3871943348475 -34.6271236219082,-58.3893910794651 -34.627250029481,-58.3901591719887 -34.6272373887324,-58.3907275604562 -34.6271489034288,-58.3909733500638 -34.6269845733388,-58.3911730541199 -34.6265800671515,-58.3912805870731 -34.6255814340151,-58.3914188437272 -34.6237737510608,-58.3915263766804 -34.6217511220539,-58.391679995185 -34.6192354084396,-58.391679995185 -34.6189446426534,-58.3916492714839 -34.6176172206891,-58.3916492714838 -34.6155817991111,-58.391726080736 -34.6138371123183,-58.3917875281378 -34.6115234493642,-58.39186433739 -34.6098545376951,-58.3919208440581 -34.6091837800655,-58.392064041446 -34.6079580064397,-58.3921562125487 -34.6063901745606,-58.3922944692029 -34.6044429873041,-58.3923559166047 -34.6035958201529,-58.3927706865673 -34.6008140164892,-58.392893581371 -34.5996127542834,-58.3931547328288 -34.5972101777487,-58.393262265782 -34.5958318261559,-58.3932469039315 -34.5955536239778,-58.3931423541789 -34.5948134581262,-58.3930011143239 -34.593732641259,-58.3927860484172 -34.5927841969505,-58.3926439634693 -34.5925544146393,-58.3917456295977 -34.5916528061417,-58.3889644863786 -34.5891606688341,-58.3879061752422 -34.5882488926059,-58.3866017452368 -34.5871952720591,-58.3861095074989 -34.5867697676653,-58.3859472062848 -34.5865686716155,-58.38586338863 -34.5863949167537,-58.3858027231559 -34.5860918789719,-58.3858141648562 -34.5857667844062,-58.3859618361775 -34.5851690410973,-58.3861864023657 -34.5845850989882,-58.3865894392932 -34.5839735418069,-58.3871801245785 -34.5833757855859,-58.3878446455246 -34.5828388145271,-58.3887060615658 -34.5822613134799,-58.3897766786456 -34.581663545009,-58.3908263624871 -34.5810520659672,-58.3913700865071 -34.5807129720532,-58.3917825474273 -34.5804274677866,-58.3930500596022 -34.5796473111788,-58.3939976172475 -34.5791204480282))",9,F,PETERS 1,2010,http://www.buenosaires.gob.ar/subte/plan-estrategico-y-tecnico-para-la-expansion-de-la-red-de-subtes-de-buenos-aires,6850.41
"MULTILINESTRING ((-58.394444030648 -34.645087138098,-58.3925022751516 -34.6442351543045,-58.3918904189858 -34.643885116244,-58.391401947037 -34.6433831617568,-58.3905931403764 -34.6423132127675,-58.3900103555979 -34.6414927715966,-58.3891144422576 -34.6402335569711,-58.3879067871434 -34.638856804564,-58.3868289527726 -34.6376152559465,-58.3847028905743 -34.6347562441839,-58.3836672876428 -34.6332384542613,-58.3833170082748 -34.6326438487909,-58.3830424934699 -34.6322076514143,-58.3827105185431 -34.6318640196458,-58.3820491580624 -34.6312945741804,-58.3816660384001 -34.6310008116951,-58.3814817574823 -34.6307809595146,-58.3813695436387 -34.630415819328,-58.3811753680889 -34.6288979491428,-58.3810985069338 -34.6283953147868,-58.381082325638 -34.6278028015029,-58.3811025522577 -34.6271869826521,-58.3808825854862 -34.6266266570569,-58.3804917083411 -34.625712327608,-58.3804714817213 -34.6255791745874,-58.380329895383 -34.6248701313081,-58.3801807652806 -34.6237208607292,-58.3799496349314 -34.6224000835059,-58.379905136368 -34.6221737142695,-58.3800184054385 -34.620479254282,-58.3802125809879 -34.6174131591778,-58.3802658749454 -34.6161746062947,-58.3803743939457 -34.613807605928,-58.3804435009436 -34.6126160416611,-58.3805046149862 -34.6115006422455,-58.3805766601429 -34.6096059236126,-58.380597979376 -34.6089894400419,-58.3807228244753 -34.6068260414963,-58.3808315155515 -34.6054939286995,-58.380805063665 -34.6051798074521,-58.3806417668792 -34.6049556566838,-58.3804188925085 -34.6048712849842,-58.3795167852676 -34.6048513070385,-58.3789463945905 -34.6047414282269,-58.3785094996038 -34.6045216701688,-58.3782789161386 -34.6042885928012,-58.3781980096596 -34.6039423052232,-58.3781256767786 -34.6034855702782,-58.3781211485045 -34.6027769037585,-58.3781656470678 -34.6018645494244,-58.3784569103919 -34.596420183127,-58.3784013235419 -34.5962530121782,-58.3783582977683 -34.5961205126231,-58.3782627348423 -34.5959772923672,-58.3780078794333 -34.5956676004399,-58.3773242196857 -34.5949250011542,-58.376416353752 -34.5939646642767,-58.3740572856489 -34.5912499733495,-58.3740572845933 -34.5912499741445,-58.3734044811937 -34.5907269618959,-58.3729736415876 -34.5904942151847,-58.3724949882438 -34.590307628252,-58.3721564159061 -34.5902518592251,-58.371785078858 -34.5902518837544,-58.3712046385928 -34.5902453801578,-58.370960862944 -34.5902014927673,-58.3706152069176 -34.5901197958941,-58.3702627842779 -34.5899806166893,-58.3700360617543 -34.589812946772,-58.368764311257 -34.5882669968538,-58.3677921339327 -34.5870551232461,-58.3676929269301 -34.5865976962592,-58.3677405129301 -34.5861343966625,-58.3679555769263 -34.5857136828555,-58.3683817987313 -34.5853185502495,-58.3706873803796 -34.5839960332971,-58.3732905005271 -34.5826302606907,-58.3736170776858 -34.5824763060605,-58.3740181233415 -34.582377923716,-58.3745039521198 -34.5823590277287,-58.3749338074247 -34.5824897595102,-58.3752123303285 -34.5826659154942,-58.3753853399722 -34.5829366032176,-58.3758216782483 -34.5851391224354,-58.3757866926899 -34.5853141320393,-58.3756714769904 -34.5855896215966,-58.3754148267795 -34.5857868225384,-58.3727928768741 -34.5872401808869,-58.3724449795691 -34.587491862148,-58.3721512430185 -34.5878728838183,-58.3720935536507 -34.5881899997974,-58.3721374521694 -34.5884407222845,-58.3722756553943 -34.5888107919135,-58.3726872798585 -34.5896087653276,-58.3734496746569 -34.5905105203581,-58.374057285649 -34.5912499733495))",10,C,PETERS 1,2010,http://www.buenosaires.gob.ar/subte/plan-estrategico-y-tecnico-para-la-expansion-de-la-red-de-subtes-de-buenos-aires,8636.00
"MULTILINESTRING ((-58.4580570776245 -34.6399421022173,-58.4607759182506 -34.6419304367493,-58.4619087685116 -34.6430133472611),(-58.4266339691983 -34.6270079103375,-58.4338896053926 -34.6280288706814,-58.4387509480564 -34.6287704089614,-58.4391719006711 -34.6288282719546,-58.4393422859789 -34.6288788371686,-58.4394746821454 -34.6289605165361,-58.4395883292615 -34.6290929994866,-58.4397229479695 -34.6292193071808,-58.4418473168884 -34.6308346233405,-58.4421478236564 -34.6311055762113,-58.442310674286 -34.6314040307167,-58.4428380309842 -34.6330652427248,-58.4430096261475 -34.6333430218012,-58.4431658707086 -34.6334926997142,-58.443764743881 -34.6339078277653,-58.4448919666483 -34.6347027618115,-58.4465955772034 -34.6358151718108,-58.447272849341 -34.6360811328386,-58.448166215798 -34.6363309410465,-58.4487618717182 -34.6363945684107,-58.4493861555856 -34.6364171013128,-58.4501059644246 -34.6363906314993,-58.4521794684656 -34.6364187183002,-58.4531458050801 -34.6366147795022,-58.4539539229038 -34.6370203806843,-58.4551293379706 -34.6376388346175,-58.4580570776245 -34.6399421022173),(-58.4158855915818 -34.6254453727506,-58.4208510383431 -34.626173376899,-58.4266339691983 -34.6270079103375),(-58.4125578832141 -34.6416655053737,-58.4132717317058 -34.6431021089922,-58.414005387113 -34.6446465617973,-58.4147821987206 -34.6461199784642,-58.4154079636267 -34.6471495793891,-58.4161416190339 -34.6481969189355,-58.416232586193 -34.6483402586746,-58.4162679396416 -34.6484137116196,-58.4162863855406 -34.6484997520564,-58.4162949246882 -34.6485956719925,-58.4163119149115 -34.6492626212494),(-58.4146615764547 -34.6253152659449,-58.4158855915818 -34.6254453727506),(-58.4146615764547 -34.6253152659449,-58.4087244864563 -34.6246258910621,-58.402293872166 -34.6238117793455,-58.4021457362083 -34.6237917656574),(-58.4021457362083 -34.6237917656574,-58.4019324400449 -34.6247617525649,-58.4016303466421 -34.6262532786044,-58.4013066751391 -34.6276204872545,-58.4010477379367 -34.6288101180094,-58.4008319569347 -34.6301062634443,-58.4006377540329 -34.6312248384311,-58.4003140825298 -34.632130340469,-58.3990382695311 -34.6355459999357,-58.3988970132745 -34.6359258155077,-58.3986282531981 -34.6366566424727,-58.3985968761611 -34.6367643967646,-58.3985857411151 -34.6368525973502,-58.398602010918 -34.6369183806902,-58.3986608935902 -34.6369902754659,-58.3987624849938 -34.6370469061835,-58.3989650029924 -34.6370933561374,-58.3996368179534 -34.6372056000411,-58.4005278664942 -34.6373616195823,-58.4012881657079 -34.6375195690753,-58.4017769308741 -34.6376185755877,-58.4022913646053 -34.6377225762636,-58.4029832121059 -34.6378630965721,-58.40320892154 -34.6379089401421,-58.4039422843076 -34.6380578925663,-58.4049774656284 -34.6382681469916,-58.405801613272 -34.6384340012619,-58.4063767948968 -34.6385404942672,-58.4071936067688 -34.6386926146929,-58.4073615028852 -34.6387266966938,-58.407449962656 -34.63873477842,-58.4075359941883 -34.6387358077153,-58.4077959055907 -34.6387174127965,-58.4081323684374 -34.6386762157258,-58.408586419162 -34.6385978873269,-58.4088474719525 -34.6385293442718,-58.4091713149227 -34.6384290093484,-58.4093973980627 -34.6383869593458,-58.4095939063602 -34.6383628737408,-58.4098151801471 -34.6383559383992,-58.4100026010429 -34.6383700281234,-58.4100349614872 -34.6383723553521,-58.4102518176939 -34.6384032011124,-58.4104649120448 -34.6384658851912,-58.4107498603958 -34.6385705963989,-58.4108677695479 -34.6386298507741,-58.4109952100958 -34.6387098772873,-58.4111699773631 -34.6388451260404,-58.411333381535 -34.6389896146697,-58.4114507813482 -34.6391389755021,-58.4117055482557 -34.6395917374103,-58.4122188553027 -34.6408647464999,-58.4125578832141 -34.6416655053738),(-58.4060322790835 -34.6090458312294,-58.4059459666827 -34.6100758923307,-58.4059028104824 -34.6113012932027,-58.4055791389794 -34.6125977121162,-58.4048239054722 -34.6150129043185,-58.4045002339692 -34.6160428913836,-58.4040255157647 -34.617356994256,-58.4035076413598 -34.6189551994403,-58.4032055479569 -34.6198785928528,-58.4028387202535 -34.621139363422,-58.4023424239488 -34.6228973073132,-58.4021457362083 -34.6237917656574),(-58.4060322790835 -34.6090458312294,-58.4061185914842 -34.6077493568513,-58.4061185914842 -34.6072875939645,-58.4058380761814 -34.6060443734285,-58.4052554674756 -34.6038598122549,-58.4048239054713 -34.6018350457051,-58.4042412967656 -34.5999523237451,-58.4037450004607 -34.5985047301969,-58.4034213289575 -34.5975011689414,-58.4028279312016 -34.5957870938013,-58.4023640020471 -34.5945348196559,-58.4010153707838 -34.5915417191563,-58.4003680277775 -34.590289381015,-58.3998836317429 -34.5893276338211,-58.3997962479186 -34.5892146316768,-58.3997048584711 -34.5891208361508,-58.3987496702617 -34.5884774541217,-58.3977786557523 -34.5878201767569,-58.3971528908462 -34.5875181827109,-58.3934414576102 -34.5856529010434,-58.3923984128927 -34.5853137433236,-58.3921575606478 -34.5852354275075,-58.3912830916536 -34.5851352891781,-58.3902493509401 -34.5850907361572,-58.3892341432525 -34.5851533176184,-58.3885539283442 -34.585286934047,-58.3877271769226 -34.5855634226404,-58.3816335862226 -34.5888173956473,-58.3807696046203 -34.5893041430344,-58.3798190545886 -34.589857282596,-58.3794994491689 -34.5900330514816,-58.3792403430074 -34.5901905502255,-58.3790307419558 -34.5903371105584,-58.3787353360108 -34.5905294204181,-58.3773267149705 -34.5914821361079,-58.3769264502564 -34.5917823346434,-58.3762652887887 -34.5922122904142,-58.3762652887887 -34.5922122904142,-58.3762652887887 -34.5922122904142,-58.3762652887887 -34.5922122904142,-58.3762652887887 -34.5922122904142,-58.3762652887887 -34.5922122904142,-58.3762652887887 -34.5922122904142,-58.3762652887887 -34.5922122904142,-58.3762652887887 -34.5922122904142,-58.3762652887887 -34.5922122904142,-58.3762652887887 -34.5922122904142,-58.3762652887887 -34.5922122904142,-58.3762652887887 -34.5922122904142,-58.3762652887887 -34.5922122904142,-58.3762652887887 -34.5922122904142,-58.3762652887887 -34.5922122904142),(-58.4021457362083 -34.6237917656574,-58.3979566740246 -34.6232258086431,-58.3972230186176 -34.6231547816101,-58.3910516819588 -34.6226931044135,-58.3852255949032 -34.6222669385676,-58.3845135175964 -34.622213667683,-58.3832835658847 -34.6219650697697,-58.3822370280246 -34.6216543213307,-58.3819457236718 -34.621547778741,-58.3817623098201 -34.6214146003114,-58.3816220521687 -34.6212636644995,-58.3815788959683 -34.6210505781802,-58.3815788959682 -34.6207398263171,-58.3816004740681 -34.6182626484303,-58.381589685018 -34.6179341282473,-58.381575787843 -34.6178518876548,-58.3815387177862 -34.6177702263846,-58.3814819216341 -34.6177038475542,-58.3813523259157 -34.6175612118692,-58.3783098137861 -34.6136277299403,-58.377816325334 -34.612979462538,-58.3776668020028 -34.6128181400254,-58.3760441132642 -34.6113812108138,-58.3741634094974 -34.609692412924,-58.3736762092379 -34.609278702798),(-58.3736762092378 -34.609278702798,-58.3735114957473 -34.6091822676359,-58.3733792178886 -34.6091213110696,-58.3719334851747 -34.6083753974551,-58.371345481944 -34.6080601581393,-58.3706927444127 -34.6076383571827,-58.3701371083324 -34.6071721536324,-58.369991456156 -34.6068258293006,-58.3700238233062 -34.6062441787753,-58.3700777685567 -34.6058845302287,-58.3701371083321 -34.6051741087691,-58.3702180262078 -34.6043482361828,-58.3703582838589 -34.6026121009001,-58.3704230181594 -34.6019904579589,-58.3705039360351 -34.6011823151789,-58.3705632758106 -34.6007649196744,-58.3708491856382 -34.5996326127952,-58.3709732597142 -34.5988155660665,-58.3711297009406 -34.598358194086,-58.3717662548965 -34.5971858891329,-58.3724189924276 -34.5958981108943,-58.372899105157 -34.5949300437355,-58.3730231792332 -34.5944815317693,-58.3731040971089 -34.5943616321129,-58.3732659328604 -34.5941395952567,-58.3736327605639 -34.5938198611414,-58.3741506349688 -34.5934779219063,-58.3744850955219 -34.5932736458475,-58.3762652887887 -34.5922122904142))",11,E-H,PETERS 2,2010,http://www.buenosaires.gob.ar/subte/plan-estrategico-y-tecnico-para-la-expansion-de-la-red-de-subtes-de-buenos-aires,22256.00
"MULTILINESTRING ((-58.4256792686499 -34.5784213360424,-58.4231196324132 -34.5799614010719,-58.4213898427417 -34.5809274532431),(-58.3808827054451 -34.6268898004373,-58.3821710097429 -34.6269087285924,-58.38435239251 -34.6269972141428,-58.3871943348475 -34.6271236219082,-58.3893910794651 -34.627250029481,-58.3901591719887 -34.6272373887324,-58.3907275604562 -34.6271489034287,-58.3909733500638 -34.6269845733388,-58.3911730541199 -34.6265800671515,-58.3912805870731 -34.6255814340151,-58.3914188437272 -34.6237737510608,-58.3915263766804 -34.6217511220539,-58.391679995185 -34.6192354084396,-58.391679995185 -34.6189446426534,-58.3916492714839 -34.6176172206891,-58.3916492714838 -34.6155817991111,-58.391726080736 -34.6138371123183,-58.3917875281378 -34.6115234493642,-58.39186433739 -34.6098545376951,-58.3919208440582 -34.6091837800655,-58.392064041446 -34.6079580064397,-58.3921562125487 -34.6063901745606,-58.3922944692029 -34.6044429873041,-58.3923559166047 -34.6035958201529,-58.3927706865673 -34.6008140164892,-58.392893581371 -34.5996127542834,-58.3931547328289 -34.5972101777487,-58.3932622657821 -34.5958318261559,-58.3932469039316 -34.5955536239778,-58.3930011143239 -34.593732641259,-58.3927860484172 -34.5927841969505,-58.3924788114077 -34.5921392486358,-58.3924020021553 -34.5918230956725,-58.3924173640058 -34.5915322338836,-58.3925709825105 -34.5912287248444,-58.3935234172397 -34.5904193619859,-58.3958891422124 -34.5885729734562,-58.3972870706053 -34.5874600619212,-58.3994530915219 -34.5854997837638,-58.400758848812 -34.5843235946726,-58.4014654939337 -34.5837924070458,-58.4018495401955 -34.5835774015649,-58.402095329803 -34.5835141645529,-58.4028634223267 -34.5834888697347,-58.4048604628881 -34.5834635749088,-58.4059357924212 -34.583476222319,-58.4064120097859 -34.5834003378103,-58.4070879312067 -34.5832106262258,-58.4088699058615 -34.58266678395,-58.4103139198059 -34.5822114714007,-58.4107901371705 -34.5820596999967,-58.4111895452828 -34.5819838141907,-58.4121419800121 -34.5819079283155,-58.4143387246297 -34.5817814517029,-58.4153372449104 -34.5817055656429,-58.4182099109488 -34.5815158501898,-58.4200672613824 -34.5814062573145,-58.4203167091275 -34.5813760540966,-58.4206005793624 -34.5813195942627,-58.4208527959984 -34.5812296283603,-58.42103294497 -34.5811356908089,-58.4213898427417 -34.5809274532431))",12,F,PETERS 2,2010,http://www.buenosaires.gob.ar/subte/plan-estrategico-y-tecnico-para-la-expansion-de-la-red-de-subtes-de-buenos-aires,8447.37
"MULTILINESTRING ((-58.3763077127459 -34.5953017657527,-58.3769723444905 -34.5952085312422,-58.377406179525 -34.5951648365827,-58.3779311390102 -34.5951220926183,-58.3799742651231 -34.5952738401649,-58.3820634767874 -34.5954761697956,-58.3843523925079 -34.5956784989336,-58.3872250585464 -34.5957923088572,-58.3886229869394 -34.5958175999303,-58.3910011200194 -34.5958264621609,-58.3919363717213 -34.5958062022013,-58.3922176599501 -34.5958428909957,-58.393262265782 -34.5958318261559,-58.3935080553898 -34.5958428909958,-58.3949520693342 -34.5958428909959,-58.3966537819547 -34.5957860634664,-58.3967804615281 -34.5957967638782,-58.3968912145025 -34.5958145901376,-58.3969989751644 -34.5958599062525,-58.3970869911587 -34.5959049483056,-58.3971621347568 -34.5959708176143,-58.3972414634131 -34.596066436386,-58.3973089317448 -34.5961625072031,-58.397364710302 -34.5962658451294,-58.3974143649267 -34.5963867050943,-58.3974610767934 -34.5965306188859,-58.3974967675157 -34.5967984030778,-58.397511009563 -34.5970356160909,-58.3975072889916 -34.5972155282369,-58.3974407918915 -34.5979860838324,-58.3974260495975 -34.5981941963357,-58.3974304278366 -34.5982910999355,-58.3974426217128 -34.5983774014245,-58.3974919113544 -34.5984632453462,-58.3975616955519 -34.5985438102683,-58.3987262826824 -34.5995053269622,-58.3988300395951 -34.5995595416352,-58.3989521899879 -34.5995948981405,-58.3992750955587 -34.5996263878357,-58.3995570625361 -34.5996273946329,-58.3997930230019 -34.5996375357135,-58.4001075181699 -34.5996352467838,-58.4011412174194 -34.5995136925259,-58.4017811264786 -34.5994123971751,-58.4022451871326 -34.599261921085,-58.4026179306329 -34.5990679920828,-58.4033808991266 -34.598723585513,-58.4037450004607 -34.5985047301969,-58.4041684795071 -34.5983386588608,-58.4045376578105 -34.5981968433288,-58.4048911865903 -34.5980811197732,-58.4052267906435 -34.5980752869657,-58.4056451927207 -34.598095546372,-58.4080710896382 -34.5980937649624,-58.4094305271003 -34.598110534102,-58.4102917426336 -34.5981063705688,-58.4112202689852 -34.5980747971779,-58.4120030804137 -34.5980524625772,-58.4144155338835 -34.5979420225679,-58.4160131663327 -34.5978661512666,-58.4208214255307 -34.5977902798962,-58.4233714927092 -34.5977776346612,-58.4245543551956 -34.5978535060435,-58.4259215598877 -34.5978661512672,-58.4262441587477 -34.5978787964889,-58.4267664616637 -34.5979293773566,-58.4269968894208 -34.5979926033978,-58.4285637981691 -34.5986627964756,-58.4289632062814 -34.59885247278,-58.4293165288423 -34.5990674387347,-58.4300692595155 -34.5996617534786,-58.4302843254221 -34.5999272969896,-58.431574720862 -34.601381448781,-58.4320125336005 -34.60191884626,-58.4322886728973 -34.602379264411,-58.4324820688383 -34.6028596973159,-58.4326158035922 -34.6034331831571,-58.432709528157 -34.6041083649292,-58.4327781990719 -34.6051179644654,-58.4327883070497 -34.6059334140492,-58.4327729451992 -34.606477101501,-58.4327729451992 -34.6068311302713,-58.4328190307507 -34.607223088935,-58.432926563704 -34.6075644707796,-58.4331569914611 -34.6079058512207,-58.4335871232744 -34.6082598738993,-58.4338866793586 -34.6084495282858,-58.4342784065457 -34.6086138950685,-58.4345845385061 -34.6086871269894,-58.4348623101958 -34.608722866816,-58.437796270304 -34.6088161922019,-58.4392710079494 -34.608816192202,-58.4402388045292 -34.6087909050874,-58.4408609594733 -34.6087909050749,-58.441045301679 -34.6087719397334,-58.4412341786129 -34.608704413329,-58.4413417115662 -34.6086095864604,-58.4414891718254 -34.6084873621077,-58.4417212230998 -34.608379988403,-58.4421590358383 -34.6082851611763,-58.4432190035209 -34.608120793742,-58.4440946289978 -34.6080070007122,-58.4459226892041 -34.6077035518703),(-58.3763077127459 -34.5953017657527,-58.3760261150352 -34.5954576182508,-58.3758340447219 -34.5956339923439,-58.3755879258529 -34.5959378918496,-58.3754738241214 -34.5961205840267,-58.3754156426447 -34.5963633492897,-58.3753418069842 -34.5989970849432,-58.3753171950975 -34.6009824612291,-58.3751695237763 -34.6043655951445,-58.3751203000026 -34.6057431191695,-58.3747880395299 -34.6105642732925,-58.3747265098128 -34.6122657902686,-58.3744311671704 -34.6172486036404,-58.3742096601887 -34.621177928434,-58.3742488370239 -34.621389818511,-58.3743450255666 -34.6215728760468,-58.3745665325487 -34.6217855393713,-58.3748741811348 -34.6219273146165,-58.3752679713251 -34.6220083289337),(-58.3752679713251 -34.6220083289337,-58.37453576769 -34.6219982021483,-58.3733051733453 -34.6219171878213,-58.3731205010869 -34.6218715830055,-58.3729606069288 -34.6217754125587,-58.3728732497524 -34.6216298857117,-58.3728621593812 -34.6214716076091,-58.3729606069287 -34.6196690086988,-58.3729852188155 -34.6186765498901,-58.373083666363 -34.6172384762742,-58.3731821139104 -34.6149699151311,-58.3732436436276 -34.6139267612941,-58.3733790090053 -34.6114656765127,-58.3735114957473 -34.6091822676359,-58.3736497397608 -34.6069686911876,-58.3739696942901 -34.6020257777027,-58.37436348448 -34.5963430893795,-58.3744741852214 -34.5961140716593,-58.3746667738291 -34.5959227336731,-58.3749910875957 -34.5957150322479,-58.3755202431639 -34.595512432297,-58.3763077127459 -34.5953017657527),(-58.373723575424 -34.6437071906333,-58.3743880963698 -34.6394346951884,-58.3752741242977 -34.6350809781051,-58.3754710193927 -34.6341899566708,-58.3757909739223 -34.6331774206956,-58.3764308829814 -34.6316180911214,-58.3770707920405 -34.6301599902409,-58.3772540386448 -34.6299478289719,-58.3775138060045 -34.629815712627,-58.3780552675162 -34.6297144542465,-58.3787444003491 -34.6295321888502,-58.3790643548787 -34.6292486641044,-58.3792612499738 -34.6288031232604,-58.3796058163903 -34.6279322865205,-58.3796878437401 -34.6275762636089,-58.3797042639378 -34.6273044683169,-58.3797780995983 -34.6245298600132,-58.3798519352589 -34.6232134075628,-58.379827323372 -34.6228184677588,-58.3797790324086 -34.6225827289983,-58.3796550401637 -34.622413399322,-58.3794715815657 -34.6222577187601,-58.3791997202562 -34.6221501038109,-58.3787197884618 -34.6221197234908,-58.3752679713251 -34.6220083289337))",14,G,PETERS 2,2010,http://www.buenosaires.gob.ar/subte/plan-estrategico-y-tecnico-para-la-expansion-de-la-red-de-subtes-de-buenos-aires,13145.18
"MULTILINESTRING ((-58.3808827054451 -34.6268898004373,-58.3821710097429 -34.6269087285924,-58.38435239251 -34.6269972141428,-58.3871943348475 -34.6271236219082,-58.3893910794651 -34.627250029481,-58.3901591719887 -34.6272373887324,-58.3907275604562 -34.6271489034288,-58.3909733500638 -34.6269845733388,-58.3911730541199 -34.6265800671515,-58.3912805870731 -34.6255814340151,-58.3914188437272 -34.6237737510608,-58.3915263766804 -34.6217511220539,-58.391679995185 -34.6192354084396,-58.391679995185 -34.6189446426534,-58.3916492714839 -34.6176172206891,-58.3916492714838 -34.6155817991111,-58.391726080736 -34.6138371123183,-58.3917875281378 -34.6115234493642,-58.39186433739 -34.6098545376951,-58.3919208440581 -34.6091837800655,-58.392064041446 -34.6079580064397,-58.3921562125487 -34.6063901745606,-58.3922944692029 -34.6044429873041,-58.3923559166047 -34.6035958201529,-58.3927706865673 -34.6008140164892,-58.392893581371 -34.5996127542834,-58.3931547328288 -34.5972101777487,-58.393262265782 -34.5958318261559,-58.3932469039315 -34.5955536239778,-58.3931423541789 -34.5948134581262,-58.3930011143239 -34.593732641259,-58.3927860484172 -34.5927841969505,-58.3926439634693 -34.5925544146393,-58.3917456295977 -34.5916528061417,-58.3889644863786 -34.5891606688341,-58.3879061752422 -34.5882488926059,-58.3866017452368 -34.5871952720591,-58.3861095074989 -34.5867697676653,-58.3859472062848 -34.5865686716155,-58.38586338863 -34.5863949167537,-58.3858027231559 -34.5860918789719,-58.3858141648562 -34.5857667844062,-58.3859618361775 -34.5851690410973,-58.3861864023657 -34.5845850989882,-58.3865894392932 -34.5839735418069,-58.3871801245785 -34.5833757855859,-58.3878446455246 -34.5828388145271,-58.3887060615658 -34.5822613134799,-58.3897766786456 -34.581663545009,-58.3908263624871 -34.5810520659672,-58.3913700865071 -34.5807129720532,-58.3917825474273 -34.5804274677866,-58.3930500596022 -34.5796473111788,-58.3939976172475 -34.5791204480282))",15,F,PETERS 3,2010,http://www.buenosaires.gob.ar/subte/plan-estrategico-y-tecnico-para-la-expansion-de-la-red-de-subtes-de-buenos-aires,6850.41
"MULTILINESTRING ((-58.3763077127459 -34.5953017657527,-58.3769723444905 -34.5952085312422,-58.377406179525 -34.5951648365827,-58.3779311390102 -34.5951220926183,-58.3799742651231 -34.5952738401649,-58.3820634767874 -34.5954761697956,-58.3843523925079 -34.5956784989336,-58.3872250585464 -34.5957923088572,-58.3886229869394 -34.5958175999303,-58.3910011200194 -34.5958264621609,-58.3919363717213 -34.5958062022013,-58.3922176599501 -34.5958428909957,-58.393262265782 -34.5958318261559,-58.3935080553898 -34.5958428909958,-58.3949520693342 -34.5958428909959,-58.3966537819547 -34.5957860634664,-58.3967804615281 -34.5957967638782,-58.3968912145025 -34.5958145901376,-58.3969989751644 -34.5958599062525,-58.3970869911587 -34.5959049483056,-58.3971621347568 -34.5959708176143,-58.3972414634131 -34.596066436386,-58.3973089317448 -34.5961625072031,-58.397364710302 -34.5962658451294,-58.3974143649267 -34.5963867050943,-58.3974610767934 -34.5965306188859,-58.3974967675157 -34.5967984030778,-58.397511009563 -34.5970356160909,-58.3975072889916 -34.5972155282369,-58.3974407918915 -34.5979860838324,-58.3974260495975 -34.5981941963357,-58.3974304278366 -34.5982910999355,-58.3974426217128 -34.5983774014245,-58.3974919113544 -34.5984632453462,-58.3975616955519 -34.5985438102683,-58.3987262826824 -34.5995053269622,-58.3988300395951 -34.5995595416352,-58.3989521899879 -34.5995948981405,-58.3992750955587 -34.5996263878357,-58.3995570625361 -34.5996273946329,-58.3997930230019 -34.5996375357135,-58.4001075181699 -34.5996352467838,-58.4011412174194 -34.5995136925259,-58.4017811264786 -34.5994123971751,-58.4022451871326 -34.599261921085,-58.4026179306329 -34.5990679920828,-58.4033808991266 -34.598723585513,-58.4037450004607 -34.5985047301969,-58.4041684795071 -34.5983386588608,-58.4045376578105 -34.5981968433288,-58.4048911865903 -34.5980811197732,-58.4052267906435 -34.5980752869657,-58.4056451927207 -34.598095546372,-58.4080710896382 -34.5980937649624,-58.4094305271003 -34.598110534102,-58.4102917426336 -34.5981063705688,-58.4112202689852 -34.5980747971779,-58.4120030804137 -34.5980524625772,-58.4144155338835 -34.5979420225679,-58.4160131663327 -34.5978661512666,-58.4208214255307 -34.5977902798962,-58.4233714927092 -34.5977776346612,-58.4245543551956 -34.5978535060435,-58.4259215598877 -34.5978661512672,-58.4262441587477 -34.5978787964889,-58.4267664616637 -34.5979293773566,-58.4269968894208 -34.5979926033978,-58.4285637981691 -34.5986627964756,-58.4289632062814 -34.59885247278,-58.4293165288423 -34.5990674387347,-58.4300692595155 -34.5996617534786,-58.4302843254221 -34.5999272969896,-58.431574720862 -34.601381448781,-58.4320125336005 -34.60191884626,-58.4322886728973 -34.602379264411,-58.4324820688383 -34.6028596973159,-58.4326158035922 -34.6034331831571,-58.432709528157 -34.6041083649292,-58.4327781990719 -34.6051179644654,-58.4327883070497 -34.6059334140492,-58.4327729451992 -34.606477101501,-58.4327729451992 -34.6068311302713,-58.4328190307507 -34.607223088935,-58.432926563704 -34.6075644707796,-58.4331569914611 -34.6079058512207,-58.4335871232744 -34.6082598738993,-58.4338866793586 -34.6084495282858,-58.4342784065457 -34.6086138950685,-58.4345845385061 -34.6086871269894,-58.4348623101958 -34.608722866816,-58.437796270304 -34.6088161922019,-58.4392710079494 -34.608816192202,-58.4402388045292 -34.6087909050874,-58.4408609594733 -34.6087909050749,-58.441045301679 -34.6087719397334,-58.4412341786129 -34.608704413329,-58.4413417115662 -34.6086095864604,-58.4414891718254 -34.6084873621077,-58.4417212230998 -34.608379988403,-58.4421590358383 -34.6082851611763,-58.4432190035209 -34.608120793742,-58.4440946289978 -34.6080070007122,-58.4459226892041 -34.6077035518703),(-58.3763077127459 -34.5953017657527,-58.3760261150352 -34.5954576182508,-58.3758340447219 -34.5956339923439,-58.3755879258529 -34.5959378918496,-58.3754738241214 -34.5961205840267,-58.3754156426447 -34.5963633492897,-58.3753418069842 -34.5989970849432,-58.3753171950975 -34.6009824612291,-58.3751695237763 -34.6043655951445,-58.3751203000026 -34.6057431191695,-58.3747880395299 -34.6105642732925,-58.3747265098128 -34.6122657902686,-58.3744311671704 -34.6172486036404,-58.3742096601887 -34.621177928434,-58.3742488370239 -34.621389818511,-58.3743450255666 -34.6215728760468,-58.3745665325487 -34.6217855393713,-58.3748741811348 -34.6219273146165,-58.3752679713251 -34.6220083289337),(-58.3752679713251 -34.6220083289337,-58.37453576769 -34.6219982021483,-58.3733051733453 -34.6219171878213,-58.3731205010869 -34.6218715830055,-58.3729606069288 -34.6217754125587,-58.3728732497524 -34.6216298857117,-58.3728621593812 -34.6214716076091,-58.3729606069287 -34.6196690086988,-58.3729852188155 -34.6186765498901,-58.373083666363 -34.6172384762742,-58.3731821139104 -34.6149699151311,-58.3732436436276 -34.6139267612941,-58.3733790090053 -34.6114656765127,-58.3735114957473 -34.6091822676359,-58.3736497397608 -34.6069686911876,-58.3739696942901 -34.6020257777027,-58.37436348448 -34.5963430893795,-58.3744741852214 -34.5961140716593,-58.3746667738291 -34.5959227336731,-58.3749910875957 -34.5957150322479,-58.3755202431639 -34.595512432297,-58.3763077127459 -34.5953017657527),(-58.373723575424 -34.6437071906333,-58.3743880963698 -34.6394346951884,-58.3752741242977 -34.6350809781051,-58.3754710193927 -34.6341899566708,-58.3757909739223 -34.6331774206956,-58.3764308829814 -34.6316180911214,-58.3770707920405 -34.6301599902409,-58.3772540386448 -34.6299478289719,-58.3775138060045 -34.629815712627,-58.3780552675162 -34.6297144542465,-58.3787444003491 -34.6295321888502,-58.3790643548787 -34.6292486641044,-58.3792612499738 -34.6288031232604,-58.3796058163903 -34.6279322865205,-58.3796878437401 -34.6275762636089,-58.3797042639378 -34.6273044683169,-58.3797780995983 -34.6245298600132,-58.3798519352589 -34.6232134075628,-58.379827323372 -34.6228184677588,-58.3797790324086 -34.6225827289983,-58.3796550401637 -34.622413399322,-58.3794715815657 -34.6222577187601,-58.3791997202562 -34.6221501038109,-58.3787197884618 -34.6221197234908,-58.3752679713251 -34.6220083289337))",16,G,PETERS 3,2010,http://www.buenosaires.gob.ar/subte/plan-estrategico-y-tecnico-para-la-expansion-de-la-red-de-subtes-de-buenos-aires,13145.18
"MULTILINESTRING ((-58.4163136418731 -34.6493715369643,-58.4163119149115 -34.6492626212494,-58.4162990666981 -34.6487083961242,-58.4162949246882 -34.6485956719925,-58.4162863855406 -34.6484997520564,-58.4162679396416 -34.6484137116196,-58.416232586193 -34.6483402586746,-58.4161416190339 -34.6481969189355,-58.4154079636267 -34.6471495793891,-58.4147821987206 -34.6461199784642,-58.4147821987206 -34.6461199784642,-58.414005387113 -34.6446465617973,-58.4132717317058 -34.6431021089922,-58.4125578832141 -34.6416655053738,-58.4122188553027 -34.6408647464999,-58.4117055482557 -34.6395917374103,-58.4114507813482 -34.6391389755021,-58.411333381535 -34.6389896146697,-58.4111699773631 -34.6388451260404,-58.4109952100958 -34.6387098772873,-58.4108677695479 -34.6386298507741,-58.4107498603958 -34.6385705963989,-58.4104649120448 -34.6384658851912,-58.4102518176939 -34.6384032011124,-58.4100349614872 -34.6383723553521,-58.4098130062392 -34.6383559383992,-58.4095831377985 -34.6383631748772,-58.4093944675665 -34.6383873565012,-58.4091713149227 -34.6384290093484,-58.4088474719525 -34.6385293442718,-58.408586419162 -34.6385978873269,-58.4081323684374 -34.6386762157258,-58.4077959055907 -34.6387174127965,-58.4075359941883 -34.6387358077153,-58.407449962656 -34.63873477842,-58.4073615028852 -34.6387266966938,-58.4071936067688 -34.6386926146929,-58.4063776353602 -34.6385406498762,-58.405801613272 -34.6384340012619,-58.4049774656285 -34.6382681469916,-58.4039417458542 -34.6380581411864,-58.40320892154 -34.6379089401421,-58.4029820234991 -34.6378628551556,-58.4022995987861 -34.637724248698,-58.4017726077434 -34.6376177285454,-58.4013071484319 -34.637523510071,-58.4005278664942 -34.6373616195823,-58.3996372701719 -34.637205818295,-58.3989650029924 -34.6370933561374,-58.3987624849938 -34.6370469061835,-58.3986608935902 -34.6369902754659,-58.3986020055341 -34.6369183832618,-58.3985857411151 -34.6368525973502,-58.398596876161 -34.6367643967646,-58.3986282531981 -34.6366566424727,-58.3988970132744 -34.6359258155077,-58.3990382695311 -34.6355459999357,-58.4003140825298 -34.632130340469,-58.4006377540329 -34.6312248384311,-58.4008319569347 -34.6301062634443,-58.4010477379367 -34.6288101180094,-58.4013066751391 -34.6276204872545,-58.4016303466421 -34.6262532786044,-58.4019324400449 -34.6247617525649,-58.4021457362083 -34.6237917656574,-58.4023424239488 -34.6228973073132,-58.4028387202535 -34.621139363422,-58.4032055479569 -34.6198785928529,-58.4035076413598 -34.6189551994403,-58.4040255157646 -34.617356994256,-58.4045002339692 -34.6160428913836,-58.4048239054722 -34.6150129043185,-58.4055791389794 -34.6125977121162,-58.4059028104824 -34.6113012932027,-58.4059459666827 -34.6100758923307,-58.4060322790835 -34.6090458312294,-58.4061185914842 -34.6077493568513,-58.4061185914842 -34.6072875939645,-58.4058380761814 -34.6060443734285,-58.4052554674756 -34.6038598122549,-58.4048239054713 -34.6018350457051,-58.4042412967656 -34.5999523237451,-58.4037450004607 -34.5985047301969,-58.4034213289575 -34.5975011689414,-58.4028279312016 -34.5957870938013,-58.4023640020471 -34.5945348196559,-58.4010153707838 -34.5915417191563,-58.4003680277775 -34.590289381015,-58.3998836317429 -34.5893276338211,-58.3997962479185 -34.5892146316768,-58.3997048584711 -34.5891208361508,-58.3987496702617 -34.5884774541217,-58.3977786557523 -34.5878201767569,-58.3971528908462 -34.5875181827109,-58.3934414576102 -34.5856529010434,-58.3929230813681 -34.5852471913943,-58.3915990772118 -34.5838689668775,-58.3912618565722 -34.58333763611,-58.3909113882873 -34.582790533037,-58.3906781102262 -34.5823740081296,-58.3905715810753 -34.5819778765455,-58.3906362225462 -34.58166501226,-58.3908081673761 -34.581373269684,-58.3912511954991 -34.5810053427832,-58.3919813635253 -34.580595747481,-58.3942447352233 -34.5793266960672))",17,H,PETERS 3,2010,http://www.buenosaires.gob.ar/subte/plan-estrategico-y-tecnico-para-la-expansion-de-la-red-de-subtes-de-buenos-aires,9598.00
"MULTILINESTRING ((-58.4580570776245 -34.6399421022173,-58.4607759182506 -34.6419304367493,-58.4619087685116 -34.6430133472611),(-58.4266339691983 -34.6270079103375,-58.4338896053926 -34.6280288706814,-58.4387509480564 -34.6287704089614,-58.4391719006711 -34.6288282719546,-58.4393422859789 -34.6288788371686,-58.4394746821454 -34.6289605165361,-58.4395883292615 -34.6290929994866,-58.4397229479695 -34.6292193071808,-58.4418473168884 -34.6308346233405,-58.4421478236564 -34.6311055762113,-58.442310674286 -34.6314040307167,-58.4428380309842 -34.6330652427248,-58.4430096261475 -34.6333430218012,-58.4431658707086 -34.6334926997142,-58.443764743881 -34.6339078277653,-58.4448919666483 -34.6347027618115,-58.4465955772034 -34.6358151718108,-58.447272849341 -34.6360811328386,-58.448166215798 -34.6363309410465,-58.4487618717182 -34.6363945684107,-58.4493861555856 -34.6364171013128,-58.4501059644246 -34.6363906314993,-58.4521794684656 -34.6364187183002,-58.4531458050801 -34.6366147795022,-58.4539539229038 -34.6370203806843,-58.4551293379706 -34.6376388346175,-58.4580570776245 -34.6399421022173),(-58.4158855915818 -34.6254453727506,-58.4208510383431 -34.626173376899,-58.4266339691983 -34.6270079103375),(-58.3821963844969 -34.5885112308211,-58.3829825533422 -34.5880792671746,-58.3834356296248 -34.5879194116224,-58.3836502558379 -34.5878931556708,-58.3839008344352 -34.5879069378542,-58.3840720946827 -34.5879677073084,-58.3843175102463 -34.5881525334406,-58.3849162181912 -34.5887519886192,-58.3859113678834 -34.5897710574134,-58.3868984269277 -34.5907834518591,-58.3878369420846 -34.5917025887103,-58.3889534514953 -34.5926483558465,-58.3892676540083 -34.5929070831136,-58.3894685019738 -34.5930073795923,-58.3896513183821 -34.5930497725206,-58.3898475419898 -34.5930748849528,-58.3900713404682 -34.5930599201409,-58.3902489242676 -34.5930104897121,-58.3904583120054 -34.5929014466555,-58.391073201246 -34.5924219054655,-58.3915910027118 -34.5920089649558,-58.3925709825105 -34.5912287248444,-58.3935234172397 -34.5904193619859,-58.3958891422124 -34.5885729734562,-58.3972870706054 -34.5874600619212,-58.3994530915219 -34.5854997837638,-58.4007588488119 -34.5843235946726,-58.4014654939337 -34.5837924070458,-58.4018495401955 -34.5835774015649,-58.402095329803 -34.5835141645529,-58.4028634223267 -34.5834888697347,-58.4048604628881 -34.5834635749088,-58.4059357924212 -34.583476222319,-58.4064120097859 -34.5834003378103,-58.4070879312067 -34.5832106262258,-58.4088699058615 -34.58266678395,-58.4103139198059 -34.5822114714007,-58.4107901371705 -34.5820596999967,-58.4111895452828 -34.5819838141907,-58.4121419800121 -34.5819079283155,-58.4143387246297 -34.5817814517029,-58.4153372449104 -34.5817055656429,-58.4182099109488 -34.5815158501898,-58.4200672613824 -34.5814062573145,-58.4203167091275 -34.5813760540966,-58.4206005793624 -34.5813195942627,-58.4208527959983 -34.5812296283603,-58.42103294497 -34.5811356908089,-58.4213898427417 -34.5809274532431,-58.4231196324132 -34.5799614010719,-58.4256792686499 -34.5784213360424),(-58.4146615764547 -34.6253152659449,-58.4158855915818 -34.6254453727506),(-58.4146615764547 -34.6253152659449,-58.4087244864563 -34.6246258910621,-58.402293872166 -34.6238117793455,-58.3979566740246 -34.6232258086431,-58.3972230186176 -34.6231547816101,-58.3910516819588 -34.6226931044135,-58.3852255949032 -34.6222669385676,-58.3845135175964 -34.622213667683,-58.3832835658847 -34.6219650697697,-58.3822370280246 -34.6216543213307,-58.3819457236718 -34.621547778741,-58.3817623098201 -34.6214146003114,-58.3816220521687 -34.6212636644995,-58.3815788959683 -34.6210505781802,-58.3815788959682 -34.6207398263171,-58.3816004740681 -34.6182626484303,-58.381589685018 -34.6179341282473,-58.381575787843 -34.6178518876548,-58.3815387177862 -34.6177702263846,-58.3814819216341 -34.6177038475542,-58.3813523259157 -34.6175612118692,-58.3783098137861 -34.6136277299403,-58.377816325334 -34.612979462538,-58.3776668020028 -34.6128181400254,-58.3760441132642 -34.6113812108138,-58.3741634094974 -34.609692412924,-58.3736762092379 -34.609278702798),(-58.3821963844969 -34.5885112308211,-58.3824510807484 -34.58843034415,-58.3826387008064 -34.5883823267369,-58.3827681511728 -34.5883756660987,-58.382921873483 -34.5883956480118,-58.3830755957931 -34.5885022181336,-58.3834558562446 -34.588901854871,-58.3845703181829 -34.5901618750914,-58.3849607167548 -34.5905603268017,-58.3859477757991 -34.5915127676027,-58.3870319226182 -34.5924119149828,-58.3876225399153 -34.5928781357192,-58.3880158009276 -34.5931382127635,-58.3882799670624 -34.5932587040423,-58.3886430325302 -34.5933665342612,-58.3888850156414 -34.5934219124474,-58.3891921256086 -34.5934442573806,-58.3894181288993 -34.593446388328,-58.3896689523167 -34.5934214654191,-58.3896689523167 -34.5934214654191,-58.3898529050842 -34.5933584986273,-58.3899850091031 -34.5932777514184,-58.3904583120054 -34.5929014466555),(-58.3762652887887 -34.5922122904142,-58.3769264502564 -34.5917823346435,-58.3773267149705 -34.5914821361079,-58.3781669049122 -34.5908872529612,-58.3787353360108 -34.5905294204181,-58.3790307419558 -34.5903371105584,-58.3792403430074 -34.5901905502255,-58.379499449169 -34.5900330514816,-58.3798190545886 -34.589857282596,-58.3807696046203 -34.5893041430343,-58.3816335862225 -34.5888173956473,-58.3821963844969 -34.5885112308211),(-58.3736762092378 -34.609278702798,-58.3735114957473 -34.6091822676359,-58.3733792178886 -34.6091213110696,-58.3719334851747 -34.6083753974551,-58.371345481944 -34.6080601581393,-58.3706927444127 -34.6076383571827,-58.3701371083324 -34.6071721536324,-58.369991456156 -34.6068258293006,-58.3700238233062 -34.6062441787753,-58.3700777685567 -34.6058845302287,-58.3701371083321 -34.6051741087691,-58.3702180262078 -34.6043482361828,-58.3703582838589 -34.6026121009001,-58.3704230181594 -34.6019904579589,-58.3705039360351 -34.6011823151789,-58.3705632758106 -34.6007649196744,-58.3708491856382 -34.5996326127952,-58.3709732597142 -34.5988155660665,-58.3711297009406 -34.598358194086,-58.3717662548965 -34.5971858891329,-58.3724189924276 -34.5958981108943,-58.372899105157 -34.5949300437355,-58.3730231792332 -34.5944815317693,-58.3731040971089 -34.5943616321129,-58.3732659328604 -34.5941395952567,-58.3736327605639 -34.5938198611414,-58.3741506349688 -34.5934779219063,-58.3744850955219 -34.5932736458475,-58.3762652887887 -34.5922122904142))",18,E,PETERS 3,2010,http://www.buenosaires.gob.ar/subte/plan-estrategico-y-tecnico-para-la-expansion-de-la-red-de-subtes-de-buenos-aires,17329.85
"MULTILINESTRING ((-58.3944440295931 -34.6450871388888,-58.392502274097 -34.6442351550953,-58.3918904179312 -34.6438851170348,-58.3914019459825 -34.6433831625477,-58.3905931393219 -34.6423132135584,-58.3900103545434 -34.6414927723875,-58.3891144412032 -34.6402335577621,-58.387906786089 -34.638856805355,-58.3868289517183 -34.6376152567376,-58.38470288952 -34.6347562449752,-58.3836672865886 -34.6332384550527,-58.3833170072206 -34.6326438495823,-58.3830424924158 -34.6322076522058,-58.382710517489 -34.6318640204372,-58.3820491570084 -34.6312945749719,-58.3816660373461 -34.6310008124866,-58.3814817564282 -34.6307809603061,-58.3813695425846 -34.6304158201195,-58.3811753670348 -34.6288979499345,-58.3810985058797 -34.6283953155785,-58.3810823245838 -34.6278028022946,-58.3811025512035 -34.627186983444,-58.380882584432 -34.6266266578487,-58.3804917072868 -34.6257123284,-58.3804714806671 -34.6255791753793,-58.3803298943287 -34.6248701321001,-58.3801807642263 -34.6237208615213,-58.3799496338771 -34.6224000842981,-58.3799051353136 -34.6221737150617,-58.380018404384 -34.6204792550744,-58.3802125799331 -34.6174131599706,-58.3802658738905 -34.6161746070876,-58.3803743928907 -34.6138076067211,-58.3804434998885 -34.6126160424544,-58.380504613931 -34.6115006430388,-58.3805766590876 -34.6096059244062,-58.3805979783206 -34.6089894408355,-58.3807228234197 -34.6068260422901,-58.3808315144959 -34.6054939294935,-58.3808050626094 -34.6051798082461,-58.3806417658235 -34.6049556574779,-58.3804188914529 -34.6048712857782,-58.379516784212 -34.6048513078325,-58.3789463935351 -34.6047414290208,-58.3785094985484 -34.6045216709627,-58.3782789150832 -34.6042885935952,-58.3781980086042 -34.6039423060171,-58.3781256757232 -34.6034855710722,-58.378121147449 -34.6027769045525,-58.3781656460123 -34.6018645502186,-58.378456909336 -34.5964201839218,-58.378401322486 -34.596253012973,-58.3783582967123 -34.5961205134179,-58.3782627337863 -34.595977293162,-58.3780078783774 -34.5956676012347,-58.3773242186298 -34.5949250019491,-58.3764163526962 -34.5939646650716,-58.3740572845932 -34.5912499741445,-58.3740572835376 -34.5912499749395,-58.373404480138 -34.5907269626909,-58.372973640532 -34.5904942159797,-58.3724949871883 -34.590307629047,-58.3721564148506 -34.5902518600201,-58.3717850778025 -34.5902518845494,-58.3712046375375 -34.5902453809528,-58.3709608618887 -34.5902014935623,-58.3706152058623 -34.590119796689,-58.3702627832226 -34.5899806174841,-58.370036060699 -34.5898129475669,-58.3687643102019 -34.5882669976488,-58.3677921328776 -34.5870551240411,-58.3676929258749 -34.5865976970543,-58.367740511875 -34.5861343974576,-58.3679555758711 -34.5857136836507,-58.368381797676 -34.5853185510448,-58.3706873793239 -34.5839960340926,-58.3732904994709 -34.5826302614865,-58.3736170766296 -34.5824763068564,-58.3740181222852 -34.582377924512,-58.3745039510634 -34.5823590285247,-58.3749338063683 -34.5824897603062,-58.3752123292721 -34.5826659162902,-58.3753853389158 -34.5829366040136,-58.3758216771919 -34.5851391232311,-58.3757866916335 -34.5853141328351,-58.3756714759341 -34.5855896223923,-58.3754148257233 -34.585786823334,-58.3727928758183 -34.5872401816822,-58.3724449785133 -34.5874918629433,-58.3721512419628 -34.5878728846135,-58.372093552595 -34.5881900005926,-58.3721374511138 -34.5884407230796,-58.3722756543387 -34.5888107927086,-58.3726872788029 -34.5896087661227,-58.3734496736012 -34.5905105211531,-58.3740572845933 -34.5912499741445))",13,C,PETERS 2,2010,http://www.buenosaires.gob.ar/subte/plan-estrategico-y-tecnico-para-la-expansion-de-la-red-de-subtes-de-buenos-aires,9622.00
"MULTILINESTRING ((-58.3944440295931 -34.6450871388888,-58.392502274097 -34.6442351550953,-58.3918904179312 -34.6438851170348,-58.3914019459825 -34.6433831625477,-58.3905931393219 -34.6423132135584,-58.3900103545434 -34.6414927723875,-58.3891144412032 -34.6402335577621,-58.387906786089 -34.638856805355,-58.3868289517183 -34.6376152567376,-58.38470288952 -34.6347562449752,-58.3836672865886 -34.6332384550527,-58.3833170072206 -34.6326438495823,-58.3830424924158 -34.6322076522058,-58.382710517489 -34.6318640204372,-58.3820491570084 -34.6312945749719,-58.3816660373461 -34.6310008124866,-58.3814817564282 -34.6307809603061,-58.3813695425846 -34.6304158201195,-58.3811753670348 -34.6288979499345,-58.3810985058797 -34.6283953155785,-58.3810823245838 -34.6278028022946,-58.3811025512035 -34.627186983444,-58.380882584432 -34.6266266578487,-58.3804917072868 -34.6257123284,-58.3804714806671 -34.6255791753793,-58.3803298943287 -34.6248701321001,-58.3801807642263 -34.6237208615213,-58.3799496338771 -34.6224000842981,-58.3799051353136 -34.6221737150617,-58.380018404384 -34.6204792550744,-58.3802125799331 -34.6174131599706,-58.3802658738905 -34.6161746070876,-58.3803743928907 -34.6138076067211,-58.3804434998885 -34.6126160424544,-58.380504613931 -34.6115006430388,-58.3805766590876 -34.6096059244062,-58.3805979783206 -34.6089894408355,-58.3807228234197 -34.6068260422901,-58.3808315144959 -34.6054939294935,-58.3808050626094 -34.6051798082461,-58.3806417658235 -34.6049556574779,-58.3804188914529 -34.6048712857782,-58.379516784212 -34.6048513078325,-58.3789463935351 -34.6047414290208,-58.3785094985484 -34.6045216709627,-58.3782789150832 -34.6042885935952,-58.3781980086042 -34.6039423060171,-58.3781256757232 -34.6034855710722,-58.378121147449 -34.6027769045525,-58.3781656460123 -34.6018645502186,-58.378456909336 -34.5964201839218,-58.378401322486 -34.596253012973,-58.3783582967123 -34.5961205134179,-58.3782627337863 -34.595977293162,-58.3780078783774 -34.5956676012347,-58.3773242186298 -34.5949250019491,-58.3764163526962 -34.5939646650716,-58.3740572845932 -34.5912499741445,-58.3740572835376 -34.5912499749395,-58.373404480138 -34.5907269626909,-58.372973640532 -34.5904942159797,-58.3724949871883 -34.590307629047,-58.3721564148506 -34.5902518600201,-58.3717850778025 -34.5902518845494,-58.3712046375375 -34.5902453809528,-58.3709608618887 -34.5902014935623,-58.3706152058623 -34.590119796689,-58.3702627832226 -34.5899806174841,-58.370036060699 -34.5898129475669,-58.3687643102019 -34.5882669976488,-58.3677921328776 -34.5870551240411,-58.3676929258749 -34.5865976970543,-58.367740511875 -34.5861343974576,-58.3679555758711 -34.5857136836507,-58.368381797676 -34.5853185510448,-58.3706873793239 -34.5839960340926,-58.3732904994709 -34.5826302614865,-58.3736170766296 -34.5824763068564,-58.3740181222852 -34.582377924512,-58.3745039510634 -34.5823590285247,-58.3749338063683 -34.5824897603062,-58.3752123292721 -34.5826659162902,-58.3753853389158 -34.5829366040136,-58.3758216771919 -34.5851391232311,-58.3757866916335 -34.5853141328351,-58.3756714759341 -34.5855896223923,-58.3754148257233 -34.585786823334,-58.3727928758183 -34.5872401816822,-58.3724449785133 -34.5874918629433,-58.3721512419628 -34.5878728846135,-58.372093552595 -34.5881900005926,-58.3721374511138 -34.5884407230796,-58.3722756543387 -34.5888107927086,-58.3726872788029 -34.5896087661227,-58.3734496736012 -34.5905105211531,-58.3740572845933 -34.5912499741445))",19,C,PETERS 3,2010,http://www.buenosaires.gob.ar/subte/plan-estrategico-y-tecnico-para-la-expansion-de-la-red-de-subtes-de-buenos-aires,9622.00
